lga_code19,year_month,MonthlyCases,CumulativeCases
11300,2020-01,1,1
11300,2020-02,0,1
11300,2020-03,5,6
11300,2020-04,2,8
11300,2020-05,0,8
11300,2020-06,0,8
11300,2020-07,0,8
11300,2020-08,1,9
11300,2020-09,4,13
11300,2020-10,1,14
11300,2020-11,0,14
11300,2020-12,5,19
11300,2021-01,0,19
11300,2021-02,0,19
11300,2021-03,0,19
11300,2021-04,1,20
11300,2021-05,0,20
11300,2021-06,0,20
11300,2021-07,14,34
11300,2021-08,34,68
11300,2021-09,110,178
11300,2021-10,12,190
11300,2021-11,8,198
11300,2021-12,552,750
11300,2022-01,2942,3692
11300,2022-02,196,3888
16260,2020-01,1,1
16260,2020-02,0,1
16260,2020-03,35,36
16260,2020-04,9,45
16260,2020-05,2,47
16260,2020-06,4,51
16260,2020-07,19,70
16260,2020-08,9,79
16260,2020-09,3,82
16260,2020-10,11,93
16260,2020-11,3,96
16260,2020-12,5,101
16260,2021-01,1,102
16260,2021-02,3,105
16260,2021-03,5,110
16260,2021-04,7,117
16260,2021-05,6,123
16260,2021-06,4,127
16260,2021-07,95,222
16260,2021-08,707,929
16260,2021-09,989,1918
16260,2021-10,146,2064
16260,2021-11,159,2223
16260,2021-12,3194,5417
16260,2022-01,17656,23073
16260,2022-02,1271,24344
14500,2020-01,1,1
14500,2020-02,0,1
14500,2020-03,48,49
14500,2020-04,20,69
14500,2020-05,3,72
14500,2020-06,1,73
14500,2020-07,1,74
14500,2020-08,8,82
14500,2020-09,5,87
14500,2020-10,2,89
14500,2020-11,0,89
14500,2020-12,4,93
14500,2021-01,2,95
14500,2021-02,0,95
14500,2021-03,2,97
14500,2021-04,3,100
14500,2021-05,3,103
14500,2021-06,4,107
14500,2021-07,1,108
14500,2021-08,29,137
14500,2021-09,80,217
14500,2021-10,15,232
14500,2021-11,36,268
14500,2021-12,1884,2152
14500,2022-01,8001,10153
14500,2022-02,770,10923
16550,2020-01,1,1
16550,2020-02,0,1
16550,2020-03,46,47
16550,2020-04,38,85
16550,2020-05,1,86
16550,2020-06,1,87
16550,2020-07,2,89
16550,2020-08,4,93
16550,2020-09,7,100
16550,2020-10,9,109
16550,2020-11,2,111
16550,2020-12,5,116
16550,2021-01,1,117
16550,2021-02,1,118
16550,2021-03,1,119
16550,2021-04,1,120
16550,2021-05,0,120
16550,2021-06,26,146
16550,2021-07,50,196
16550,2021-08,151,347
16550,2021-09,889,1236
16550,2021-10,195,1431
16550,2021-11,162,1593
16550,2021-12,4519,6112
16550,2022-01,15540,21652
16550,2022-02,1155,22807
14000,2020-01,0,0
14000,2020-02,0,0
14000,2020-03,44,44
14000,2020-04,14,58
14000,2020-05,0,58
14000,2020-06,1,59
14000,2020-07,0,59
14000,2020-08,9,68
14000,2020-09,1,69
14000,2020-10,0,69
14000,2020-11,4,73
14000,2020-12,4,77
14000,2021-01,3,80
14000,2021-02,1,81
14000,2021-03,1,82
14000,2021-04,0,82
14000,2021-05,0,82
14000,2021-06,0,82
14000,2021-07,6,88
14000,2021-08,53,141
14000,2021-09,169,310
14000,2021-10,24,334
14000,2021-11,24,358
14000,2021-12,1291,1649
14000,2022-01,7124,8773
14000,2022-02,755,9528
12850,2020-01,0,0
12850,2020-02,0,0
12850,2020-03,12,12
12850,2020-04,18,30
12850,2020-05,4,34
12850,2020-06,5,39
12850,2020-07,41,80
12850,2020-08,53,133
12850,2020-09,2,135
12850,2020-10,2,137
12850,2020-11,3,140
12850,2020-12,2,142
12850,2021-01,0,142
12850,2021-02,1,143
12850,2021-03,2,145
12850,2021-04,0,145
12850,2021-05,1,146
12850,2021-06,5,151
12850,2021-07,955,1106
12850,2021-08,1311,2417
12850,2021-09,1896,4313
12850,2021-10,442,4755
12850,2021-11,302,5057
12850,2021-12,4462,9519
12850,2022-01,24773,34292
12850,2022-02,1410,35702
10500,2020-01,0,0
10500,2020-02,0,0
10500,2020-03,40,40
10500,2020-04,27,67
10500,2020-05,0,67
10500,2020-06,0,67
10500,2020-07,5,72
10500,2020-08,1,73
10500,2020-09,4,77
10500,2020-10,3,80
10500,2020-11,2,82
10500,2020-12,1,83
10500,2021-01,3,86
10500,2021-02,1,87
10500,2021-03,3,90
10500,2021-04,0,90
10500,2021-05,2,92
10500,2021-06,12,104
10500,2021-07,76,180
10500,2021-08,339,519
10500,2021-09,847,1366
10500,2021-10,264,1630
10500,2021-11,119,1749
10500,2021-12,4489,6238
10500,2022-01,18169,24407
10500,2022-02,1211,25618
11570,2020-01,0,0
11570,2020-02,0,0
11570,2020-03,72,72
11570,2020-04,23,95
11570,2020-05,1,96
11570,2020-06,8,104
11570,2020-07,30,134
11570,2020-08,14,148
11570,2020-09,13,161
11570,2020-10,7,168
11570,2020-11,6,174
11570,2020-12,15,189
11570,2021-01,19,208
11570,2021-02,6,214
11570,2021-03,16,230
11570,2021-04,5,235
11570,2021-05,10,245
11570,2021-06,23,268
11570,2021-07,643,911
11570,2021-08,3691,4602
11570,2021-09,5741,10343
11570,2021-10,1208,11551
11570,2021-11,802,12353
11570,2021-12,9676,22029
11570,2022-01,43666,65695
11570,2022-02,2959,68654
16700,2020-01,0,0
16700,2020-02,0,0
16700,2020-03,57,57
16700,2020-04,13,70
16700,2020-05,0,70
16700,2020-06,0,70
16700,2020-07,3,73
16700,2020-08,1,74
16700,2020-09,0,74
16700,2020-10,2,76
16700,2020-11,0,76
16700,2020-12,3,79
16700,2021-01,2,81
16700,2021-02,0,81
16700,2021-03,3,84
16700,2021-04,4,88
16700,2021-05,1,89
16700,2021-06,4,93
16700,2021-07,15,108
16700,2021-08,138,246
16700,2021-09,206,452
16700,2021-10,59,511
16700,2021-11,40,551
16700,2021-12,1909,2460
16700,2022-01,9502,11962
16700,2022-02,744,12706
17420,2020-01,0,0
17420,2020-02,0,0
17420,2020-03,47,47
17420,2020-04,14,61
17420,2020-05,3,64
17420,2020-06,0,64
17420,2020-07,8,72
17420,2020-08,23,95
17420,2020-09,1,96
17420,2020-10,5,101
17420,2020-11,0,101
17420,2020-12,7,108
17420,2021-01,1,109
17420,2021-02,5,114
17420,2021-03,1,115
17420,2021-04,2,117
17420,2021-05,6,123
17420,2021-06,8,131
17420,2021-07,28,159
17420,2021-08,154,313
17420,2021-09,331,644
17420,2021-10,82,726
17420,2021-11,57,783
17420,2021-12,3421,4204
17420,2022-01,17064,21268
17420,2022-02,1359,22627
17150,2020-01,0,0
17150,2020-02,0,0
17150,2020-03,84,84
17150,2020-04,30,114
17150,2020-05,2,116
17150,2020-06,2,118
17150,2020-07,7,125
17150,2020-08,6,131
17150,2020-09,4,135
17150,2020-10,3,138
17150,2020-11,4,142
17150,2020-12,7,149
17150,2021-01,1,150
17150,2021-02,0,150
17150,2021-03,0,150
17150,2021-04,0,150
17150,2021-05,1,151
17150,2021-06,3,154
17150,2021-07,34,188
17150,2021-08,96,284
17150,2021-09,442,726
17150,2021-10,69,795
17150,2021-11,131,926
17150,2021-12,5443,6369
17150,2022-01,21761,28130
17150,2022-02,1801,29931
15990,2020-01,0,0
15990,2020-02,0,0
15990,2020-03,121,121
15990,2020-04,37,158
15990,2020-05,0,158
15990,2020-06,0,158
15990,2020-07,4,162
15990,2020-08,5,167
15990,2020-09,0,167
15990,2020-10,1,168
15990,2020-11,6,174
15990,2020-12,109,283
15990,2021-01,8,291
15990,2021-02,0,291
15990,2021-03,0,291
15990,2021-04,1,292
15990,2021-05,0,292
15990,2021-06,0,292
15990,2021-07,29,321
15990,2021-08,72,393
15990,2021-09,307,700
15990,2021-10,166,866
15990,2021-11,90,956
15990,2021-12,3698,4654
15990,2022-01,25035,29689
15990,2022-02,2386,32075
17200,2020-01,0,0
17200,2020-02,0,0
17200,2020-03,111,111
17200,2020-04,48,159
17200,2020-05,0,159
17200,2020-06,4,163
17200,2020-07,12,175
17200,2020-08,12,187
17200,2020-09,5,192
17200,2020-10,2,194
17200,2020-11,7,201
17200,2020-12,13,214
17200,2021-01,1,215
17200,2021-02,2,217
17200,2021-03,1,218
17200,2021-04,4,222
17200,2021-05,2,224
17200,2021-06,18,242
17200,2021-07,39,281
17200,2021-08,264,545
17200,2021-09,1439,1984
17200,2021-10,246,2230
17200,2021-11,184,2414
17200,2021-12,8545,10959
17200,2022-01,21836,32795
17200,2022-02,1302,34097
13310,2020-01,0,0
13310,2020-02,0,0
13310,2020-03,8,8
13310,2020-04,0,8
13310,2020-05,2,10
13310,2020-06,0,10
13310,2020-07,0,10
13310,2020-08,0,10
13310,2020-09,0,10
13310,2020-10,2,12
13310,2020-11,1,13
13310,2020-12,0,13
13310,2021-01,0,13
13310,2021-02,0,13
13310,2021-03,0,13
13310,2021-04,0,13
13310,2021-05,0,13
13310,2021-06,0,13
13310,2021-07,1,14
13310,2021-08,3,17
13310,2021-09,48,65
13310,2021-10,32,97
13310,2021-11,0,97
13310,2021-12,149,246
13310,2022-01,1578,1824
13310,2022-02,206,2030
12380,2020-01,0,0
12380,2020-02,0,0
12380,2020-03,46,46
12380,2020-04,23,69
12380,2020-05,6,75
12380,2020-06,14,89
12380,2020-07,34,123
12380,2020-08,24,147
12380,2020-09,11,158
12380,2020-10,18,176
12380,2020-11,6,182
12380,2020-12,13,195
12380,2021-01,22,217
12380,2021-02,4,221
12380,2021-03,5,226
12380,2021-04,14,240
12380,2021-05,14,254
12380,2021-06,12,266
12380,2021-07,342,608
12380,2021-08,3716,4324
12380,2021-09,4149,8473
12380,2021-10,728,9201
12380,2021-11,388,9589
12380,2021-12,5646,15235
12380,2022-01,31478,46713
12380,2022-02,2102,48815
18500,2020-01,0,0
18500,2020-02,0,0
18500,2020-03,84,84
18500,2020-04,9,93
18500,2020-05,0,93
18500,2020-06,1,94
18500,2020-07,1,95
18500,2020-08,5,100
18500,2020-09,2,102
18500,2020-10,0,102
18500,2020-11,1,103
18500,2020-12,8,111
18500,2021-01,10,121
18500,2021-02,0,121
18500,2021-03,0,121
18500,2021-04,0,121
18500,2021-05,2,123
18500,2021-06,15,138
18500,2021-07,11,149
18500,2021-08,22,171
18500,2021-09,100,271
18500,2021-10,31,302
18500,2021-11,74,376
18500,2021-12,1630,2006
18500,2022-01,4535,6541
18500,2022-02,386,6927
14900,2020-01,0,0
14900,2020-02,0,0
14900,2020-03,32,32
14900,2020-04,18,50
14900,2020-05,0,50
14900,2020-06,2,52
14900,2020-07,41,93
14900,2020-08,17,110
14900,2020-09,3,113
14900,2020-10,13,126
14900,2020-11,6,132
14900,2020-12,4,136
14900,2021-01,3,139
14900,2021-02,1,140
14900,2021-03,1,141
14900,2021-04,4,145
14900,2021-05,4,149
14900,2021-06,25,174
14900,2021-07,274,448
14900,2021-08,1411,1859
14900,2021-09,3138,4997
14900,2021-10,781,5778
14900,2021-11,329,6107
14900,2021-12,4869,10976
14900,2022-01,28820,39796
14900,2022-02,2009,41805
10900,2020-01,0,0
10900,2020-02,0,0
10900,2020-03,20,20
10900,2020-04,5,25
10900,2020-05,2,27
10900,2020-06,0,27
10900,2020-07,5,32
10900,2020-08,0,32
10900,2020-09,6,38
10900,2020-10,0,38
10900,2020-11,0,38
10900,2020-12,0,38
10900,2021-01,1,39
10900,2021-02,0,39
10900,2021-03,0,39
10900,2021-04,0,39
10900,2021-05,0,39
10900,2021-06,0,39
10900,2021-07,2,41
10900,2021-08,48,89
10900,2021-09,99,188
10900,2021-10,25,213
10900,2021-11,38,251
10900,2021-12,569,820
10900,2022-01,4444,5264
10900,2022-02,542,5806
18250,2020-01,0,0
18250,2020-02,0,0
18250,2020-03,20,20
18250,2020-04,3,23
18250,2020-05,0,23
18250,2020-06,0,23
18250,2020-07,2,25
18250,2020-08,0,25
18250,2020-09,2,27
18250,2020-10,0,27
18250,2020-11,0,27
18250,2020-12,1,28
18250,2021-01,2,30
18250,2021-02,0,30
18250,2021-03,0,30
18250,2021-04,3,33
18250,2021-05,0,33
18250,2021-06,1,34
18250,2021-07,6,40
18250,2021-08,21,61
18250,2021-09,31,92
18250,2021-10,6,98
18250,2021-11,16,114
18250,2021-12,897,1011
18250,2022-01,3844,4855
18250,2022-02,374,5229
14700,2020-01,0,0
14700,2020-02,0,0
14700,2020-03,29,29
14700,2020-04,11,40
14700,2020-05,0,40
14700,2020-06,1,41
14700,2020-07,0,41
14700,2020-08,2,43
14700,2020-09,0,43
14700,2020-10,0,43
14700,2020-11,0,43
14700,2020-12,2,45
14700,2021-01,1,46
14700,2021-02,1,47
14700,2021-03,0,47
14700,2021-04,1,48
14700,2021-05,0,48
14700,2021-06,0,48
14700,2021-07,3,51
14700,2021-08,28,79
14700,2021-09,53,132
14700,2021-10,21,153
14700,2021-11,24,177
14700,2021-12,1077,1254
14700,2022-01,4284,5538
14700,2022-02,385,5923
10750,2020-01,0,0
10750,2020-02,0,0
10750,2020-03,73,73
10750,2020-04,39,112
10750,2020-05,8,120
10750,2020-06,18,138
10750,2020-07,18,156
10750,2020-08,15,171
10750,2020-09,12,183
10750,2020-10,7,190
10750,2020-11,1,191
10750,2020-12,13,204
10750,2021-01,8,212
10750,2021-02,2,214
10750,2021-03,9,223
10750,2021-04,9,232
10750,2021-05,5,237
10750,2021-06,4,241
10750,2021-07,203,444
10750,2021-08,2342,2786
10750,2021-09,3532,6318
10750,2021-10,806,7124
10750,2021-11,216,7340
10750,2021-12,6858,14198
10750,2022-01,44600,58798
10750,2022-02,3001,61799
14170,2020-01,0,0
14170,2020-02,0,0
14170,2020-03,51,51
14170,2020-04,22,73
14170,2020-05,2,75
14170,2020-06,0,75
14170,2020-07,5,80
14170,2020-08,5,85
14170,2020-09,2,87
14170,2020-10,5,92
14170,2020-11,1,93
14170,2020-12,3,96
14170,2021-01,2,98
14170,2021-02,2,100
14170,2021-03,1,101
14170,2021-04,0,101
14170,2021-05,0,101
14170,2021-06,0,101
14170,2021-07,38,139
14170,2021-08,212,351
14170,2021-09,461,812
14170,2021-10,150,962
14170,2021-11,107,1069
14170,2021-12,4008,5077
14170,2022-01,13007,18084
14170,2022-02,1036,19120
11520,2020-01,0,0
11520,2020-02,0,0
11520,2020-03,16,16
11520,2020-04,13,29
11520,2020-05,2,31
11520,2020-06,0,31
11520,2020-07,2,33
11520,2020-08,4,37
11520,2020-09,3,40
11520,2020-10,0,40
11520,2020-11,0,40
11520,2020-12,2,42
11520,2021-01,1,43
11520,2021-02,0,43
11520,2021-03,0,43
11520,2021-04,1,44
11520,2021-05,0,44
11520,2021-06,5,49
11520,2021-07,5,54
11520,2021-08,95,149
11520,2021-09,203,352
11520,2021-10,25,377
11520,2021-11,38,415
11520,2021-12,1969,2384
11520,2022-01,7100,9484
11520,2022-02,549,10033
16350,2020-01,0,0
16350,2020-02,0,0
16350,2020-03,50,50
16350,2020-04,73,123
16350,2020-05,3,126
16350,2020-06,3,129
16350,2020-07,7,136
16350,2020-08,1,137
16350,2020-09,2,139
16350,2020-10,4,143
16350,2020-11,0,143
16350,2020-12,0,143
16350,2021-01,0,143
16350,2021-02,0,143
16350,2021-03,1,144
16350,2021-04,3,147
16350,2021-05,1,148
16350,2021-06,0,148
16350,2021-07,30,178
16350,2021-08,1229,1407
16350,2021-09,1529,2936
16350,2021-10,430,3366
16350,2021-11,130,3496
16350,2021-12,3552,7048
16350,2022-01,22725,29773
16350,2022-02,2287,32060
11650,2020-01,0,0
11650,2020-02,0,0
11650,2020-03,98,98
11650,2020-04,19,117
11650,2020-05,1,118
11650,2020-06,4,122
11650,2020-07,2,124
11650,2020-08,3,127
11650,2020-09,0,127
11650,2020-10,1,128
11650,2020-11,0,128
11650,2020-12,5,133
11650,2021-01,3,136
11650,2021-02,0,136
11650,2021-03,1,137
11650,2021-04,0,137
11650,2021-05,0,137
11650,2021-06,0,137
11650,2021-07,9,146
11650,2021-08,57,203
11650,2021-09,686,889
11650,2021-10,505,1394
11650,2021-11,76,1470
11650,2021-12,3875,5345
11650,2022-01,27145,32490
11650,2022-02,3244,35734
16150,2020-01,0,0
16150,2020-02,0,0
16150,2020-03,7,7
16150,2020-04,3,10
16150,2020-05,1,11
16150,2020-06,1,12
16150,2020-07,1,13
16150,2020-08,0,13
16150,2020-09,0,13
16150,2020-10,0,13
16150,2020-11,0,13
16150,2020-12,1,14
16150,2021-01,0,14
16150,2021-02,0,14
16150,2021-03,0,14
16150,2021-04,0,14
16150,2021-05,0,14
16150,2021-06,0,14
16150,2021-07,0,14
16150,2021-08,24,38
16150,2021-09,19,57
16150,2021-10,28,85
16150,2021-11,52,137
16150,2021-12,381,518
16150,2022-01,3222,3740
16150,2022-02,510,4250
14100,2020-01,0,0
14100,2020-02,0,0
14100,2020-03,12,12
14100,2020-04,10,22
14100,2020-05,0,22
14100,2020-06,0,22
14100,2020-07,0,22
14100,2020-08,2,24
14100,2020-09,3,27
14100,2020-10,1,28
14100,2020-11,0,28
14100,2020-12,2,30
14100,2021-01,0,30
14100,2021-02,0,30
14100,2021-03,0,30
14100,2021-04,0,30
14100,2021-05,0,30
14100,2021-06,0,30
14100,2021-07,1,31
14100,2021-08,18,49
14100,2021-09,50,99
14100,2021-10,16,115
14100,2021-11,13,128
14100,2021-12,523,651
14100,2022-01,1908,2559
14100,2022-02,185,2744
13800,2020-01,0,0
13800,2020-02,0,0
13800,2020-03,21,21
13800,2020-04,4,25
13800,2020-05,0,25
13800,2020-06,0,25
13800,2020-07,0,25
13800,2020-08,0,25
13800,2020-09,0,25
13800,2020-10,0,25
13800,2020-11,0,25
13800,2020-12,2,27
13800,2021-01,0,27
13800,2021-02,0,27
13800,2021-03,0,27
13800,2021-04,0,27
13800,2021-05,0,27
13800,2021-06,0,27
13800,2021-07,6,33
13800,2021-08,85,118
13800,2021-09,316,434
13800,2021-10,42,476
13800,2021-11,16,492
13800,2021-12,514,1006
13800,2022-01,5104,6110
13800,2022-02,603,6713
18050,2020-01,0,0
18050,2020-02,0,0
18050,2020-03,143,143
18050,2020-04,36,179
18050,2020-05,0,179
18050,2020-06,1,180
18050,2020-07,5,185
18050,2020-08,6,191
18050,2020-09,12,203
18050,2020-10,4,207
18050,2020-11,3,210
18050,2020-12,13,223
18050,2021-01,0,223
18050,2021-02,0,223
18050,2021-03,1,224
18050,2021-04,1,225
18050,2021-05,0,225
18050,2021-06,46,271
18050,2021-07,51,322
18050,2021-08,54,376
18050,2021-09,135,511
18050,2021-10,75,586
18050,2021-11,124,710
18050,2021-12,2796,3506
18050,2022-01,8200,11706
18050,2022-02,576,12282
11450,2020-01,0,0
11450,2020-02,0,0
11450,2020-03,28,28
11450,2020-04,11,39
11450,2020-05,1,40
11450,2020-06,5,45
11450,2020-07,1,46
11450,2020-08,0,46
11450,2020-09,0,46
11450,2020-10,24,70
11450,2020-11,0,70
11450,2020-12,2,72
11450,2021-01,0,72
11450,2021-02,0,72
11450,2021-03,2,74
11450,2021-04,1,75
11450,2021-05,0,75
11450,2021-06,6,81
11450,2021-07,17,98
11450,2021-08,271,369
11450,2021-09,574,943
11450,2021-10,166,1109
11450,2021-11,39,1148
11450,2021-12,2074,3222
11450,2022-01,12179,15401
11450,2022-02,1142,16543
11500,2020-01,0,0
11500,2020-02,0,0
11500,2020-03,27,27
11500,2020-04,7,34
11500,2020-05,0,34
11500,2020-06,2,36
11500,2020-07,14,50
11500,2020-08,23,73
11500,2020-09,5,78
11500,2020-10,9,87
11500,2020-11,1,88
11500,2020-12,2,90
11500,2021-01,6,96
11500,2021-02,1,97
11500,2021-03,2,99
11500,2021-04,3,102
11500,2021-05,2,104
11500,2021-06,5,109
11500,2021-07,99,208
11500,2021-08,680,888
11500,2021-09,1337,2225
11500,2021-10,603,2828
11500,2021-11,139,2967
11500,2021-12,3193,6160
11500,2022-01,20496,26656
11500,2022-02,1526,28182
12930,2020-01,0,0
12930,2020-02,0,0
12930,2020-03,34,34
12930,2020-04,25,59
12930,2020-05,0,59
12930,2020-06,0,59
12930,2020-07,5,64
12930,2020-08,0,64
12930,2020-09,3,67
12930,2020-10,1,68
12930,2020-11,0,68
12930,2020-12,5,73
12930,2021-01,1,74
12930,2021-02,2,76
12930,2021-03,1,77
12930,2021-04,1,78
12930,2021-05,0,78
12930,2021-06,4,82
12930,2021-07,112,194
12930,2021-08,292,486
12930,2021-09,694,1180
12930,2021-10,221,1401
12930,2021-11,66,1467
12930,2021-12,3572,5039
12930,2022-01,15463,20502
12930,2022-02,968,21470
15950,2020-01,0,0
15950,2020-02,0,0
15950,2020-03,37,37
15950,2020-04,11,48
15950,2020-05,0,48
15950,2020-06,0,48
15950,2020-07,0,48
15950,2020-08,2,50
15950,2020-09,1,51
15950,2020-10,0,51
15950,2020-11,1,52
15950,2020-12,9,61
15950,2021-01,0,61
15950,2021-02,0,61
15950,2021-03,3,64
15950,2021-04,1,65
15950,2021-05,2,67
15950,2021-06,1,68
15950,2021-07,3,71
15950,2021-08,6,77
15950,2021-09,50,127
15950,2021-10,9,136
15950,2021-11,29,165
15950,2021-12,972,1137
15950,2022-01,3511,4648
15950,2022-02,291,4939
18350,2020-01,0,0
18350,2020-02,0,0
18350,2020-03,18,18
18350,2020-04,8,26
18350,2020-05,0,26
18350,2020-06,0,26
18350,2020-07,1,27
18350,2020-08,0,27
18350,2020-09,0,27
18350,2020-10,0,27
18350,2020-11,5,32
18350,2020-12,0,32
18350,2021-01,0,32
18350,2021-02,0,32
18350,2021-03,1,33
18350,2021-04,1,34
18350,2021-05,0,34
18350,2021-06,0,34
18350,2021-07,4,38
18350,2021-08,3,41
18350,2021-09,46,87
18350,2021-10,30,117
18350,2021-11,3,120
18350,2021-12,361,481
18350,2022-01,3432,3913
18350,2022-02,283,4196
11720,2020-01,0,0
11720,2020-02,0,0
11720,2020-03,25,25
11720,2020-04,5,30
11720,2020-05,0,30
11720,2020-06,0,30
11720,2020-07,0,30
11720,2020-08,0,30
11720,2020-09,0,30
11720,2020-10,0,30
11720,2020-11,0,30
11720,2020-12,0,30
11720,2021-01,0,30
11720,2021-02,0,30
11720,2021-03,0,30
11720,2021-04,0,30
11720,2021-05,1,31
11720,2021-06,0,31
11720,2021-07,0,31
11720,2021-08,10,41
11720,2021-09,75,116
11720,2021-10,343,459
11720,2021-11,83,542
11720,2021-12,741,1283
11720,2022-01,4632,5915
11720,2022-02,677,6592
11800,2020-01,0,0
11800,2020-02,0,0
11800,2020-03,9,9
11800,2020-04,8,17
11800,2020-05,0,17
11800,2020-06,2,19
11800,2020-07,0,19
11800,2020-08,0,19
11800,2020-09,0,19
11800,2020-10,0,19
11800,2020-11,0,19
11800,2020-12,0,19
11800,2021-01,0,19
11800,2021-02,0,19
11800,2021-03,0,19
11800,2021-04,1,20
11800,2021-05,0,20
11800,2021-06,0,20
11800,2021-07,0,20
11800,2021-08,1,21
11800,2021-09,8,29
11800,2021-10,31,60
11800,2021-11,14,74
11800,2021-12,504,578
11800,2022-01,4794,5372
11800,2022-02,804,6176
11350,2020-01,0,0
11350,2020-02,0,0
11350,2020-03,11,11
11350,2020-04,5,16
11350,2020-05,0,16
11350,2020-06,0,16
11350,2020-07,2,18
11350,2020-08,0,18
11350,2020-09,0,18
11350,2020-10,0,18
11350,2020-11,2,20
11350,2020-12,0,20
11350,2021-01,0,20
11350,2021-02,0,20
11350,2021-03,1,21
11350,2021-04,0,21
11350,2021-05,0,21
11350,2021-06,0,21
11350,2021-07,0,21
11350,2021-08,0,21
11350,2021-09,2,23
11350,2021-10,5,28
11350,2021-11,6,34
11350,2021-12,1381,1415
11350,2022-01,3831,5246
11350,2022-02,311,5557
18450,2020-01,0,0
18450,2020-02,0,0
18450,2020-03,43,43
18450,2020-04,10,53
18450,2020-05,1,54
18450,2020-06,1,55
18450,2020-07,5,60
18450,2020-08,0,60
18450,2020-09,3,63
18450,2020-10,4,67
18450,2020-11,4,71
18450,2020-12,2,73
18450,2021-01,1,74
18450,2021-02,2,76
18450,2021-03,1,77
18450,2021-04,2,79
18450,2021-05,2,81
18450,2021-06,6,87
18450,2021-07,13,100
18450,2021-08,44,144
18450,2021-09,960,1104
18450,2021-10,539,1643
18450,2021-11,100,1743
18450,2021-12,2395,4138
18450,2022-01,19191,23329
18450,2022-02,1814,25143
14650,2020-01,0,0
14650,2020-02,0,0
14650,2020-03,42,42
14650,2020-04,15,57
14650,2020-05,0,57
14650,2020-06,1,58
14650,2020-07,3,61
14650,2020-08,0,61
14650,2020-09,0,61
14650,2020-10,1,62
14650,2020-11,1,63
14650,2020-12,1,64
14650,2021-01,1,65
14650,2021-02,0,65
14650,2021-03,0,65
14650,2021-04,1,66
14650,2021-05,0,66
14650,2021-06,0,66
14650,2021-07,1,67
14650,2021-08,51,118
14650,2021-09,268,386
14650,2021-10,508,894
14650,2021-11,136,1030
14650,2021-12,4260,5290
14650,2022-01,13958,19248
14650,2022-02,1832,21080
15350,2020-01,0,0
15350,2020-02,0,0
15350,2020-03,30,30
15350,2020-04,11,41
15350,2020-05,0,41
15350,2020-06,0,41
15350,2020-07,0,41
15350,2020-08,0,41
15350,2020-09,1,42
15350,2020-10,0,42
15350,2020-11,1,43
15350,2020-12,1,44
15350,2021-01,5,49
15350,2021-02,1,50
15350,2021-03,0,50
15350,2021-04,0,50
15350,2021-05,0,50
15350,2021-06,0,50
15350,2021-07,0,50
15350,2021-08,5,55
15350,2021-09,11,66
15350,2021-10,5,71
15350,2021-11,15,86
15350,2021-12,506,592
15350,2022-01,2081,2673
15350,2022-02,210,2883
15240,2020-01,0,0
15240,2020-02,0,0
15240,2020-03,34,34
15240,2020-04,8,42
15240,2020-05,1,43
15240,2020-06,0,43
15240,2020-07,0,43
15240,2020-08,1,44
15240,2020-09,0,44
15240,2020-10,0,44
15240,2020-11,0,44
15240,2020-12,0,44
15240,2021-01,0,44
15240,2021-02,1,45
15240,2021-03,0,45
15240,2021-04,0,45
15240,2021-05,0,45
15240,2021-06,0,45
15240,2021-07,3,48
15240,2021-08,2,50
15240,2021-09,9,59
15240,2021-10,182,241
15240,2021-11,268,509
15240,2021-12,549,1058
15240,2022-01,4948,6006
15240,2022-02,696,6702
16950,2020-01,0,0
16950,2020-02,0,0
16950,2020-03,22,22
16950,2020-04,9,31
16950,2020-05,0,31
16950,2020-06,0,31
16950,2020-07,2,33
16950,2020-08,1,34
16950,2020-09,0,34
16950,2020-10,0,34
16950,2020-11,0,34
16950,2020-12,2,36
16950,2021-01,1,37
16950,2021-02,0,37
16950,2021-03,0,37
16950,2021-04,0,37
16950,2021-05,0,37
16950,2021-06,0,37
16950,2021-07,1,38
16950,2021-08,2,40
16950,2021-09,138,178
16950,2021-10,154,332
16950,2021-11,14,346
16950,2021-12,468,814
16950,2022-01,6466,7280
16950,2022-02,858,8138
14400,2020-01,0,0
14400,2020-02,0,0
14400,2020-03,4,4
14400,2020-04,3,7
14400,2020-05,0,7
14400,2020-06,0,7
14400,2020-07,0,7
14400,2020-08,0,7
14400,2020-09,0,7
14400,2020-10,0,7
14400,2020-11,0,7
14400,2020-12,0,7
14400,2021-01,0,7
14400,2021-02,0,7
14400,2021-03,0,7
14400,2021-04,0,7
14400,2021-05,0,7
14400,2021-06,0,7
14400,2021-07,0,7
14400,2021-08,1,8
14400,2021-09,27,35
14400,2021-10,7,42
14400,2021-11,3,45
14400,2021-12,211,256
14400,2022-01,1762,2018
14400,2022-02,141,2159
15900,2020-01,0,0
15900,2020-02,0,0
15900,2020-03,43,43
15900,2020-04,12,55
15900,2020-05,0,55
15900,2020-06,0,55
15900,2020-07,2,57
15900,2020-08,3,60
15900,2020-09,0,60
15900,2020-10,1,61
15900,2020-11,1,62
15900,2020-12,0,62
15900,2021-01,2,64
15900,2021-02,0,64
15900,2021-03,1,65
15900,2021-04,3,68
15900,2021-05,0,68
15900,2021-06,0,68
15900,2021-07,0,68
15900,2021-08,74,142
15900,2021-09,244,386
15900,2021-10,434,820
15900,2021-11,155,975
15900,2021-12,5168,6143
15900,2022-01,12602,18745
15900,2022-02,1518,20263
10470,2020-01,0,0
10470,2020-02,0,0
10470,2020-03,9,9
10470,2020-04,0,9
10470,2020-05,0,9
10470,2020-06,0,9
10470,2020-07,0,9
10470,2020-08,0,9
10470,2020-09,0,9
10470,2020-10,0,9
10470,2020-11,0,9
10470,2020-12,0,9
10470,2021-01,0,9
10470,2021-02,0,9
10470,2021-03,0,9
10470,2021-04,0,9
10470,2021-05,0,9
10470,2021-06,0,9
10470,2021-07,1,10
10470,2021-08,21,31
10470,2021-09,33,64
10470,2021-10,40,104
10470,2021-11,37,141
10470,2021-12,113,254
10470,2022-01,2979,3233
10470,2022-02,375,3608
15050,2020-01,0,0
15050,2020-02,0,0
15050,2020-03,20,20
15050,2020-04,5,25
15050,2020-05,0,25
15050,2020-06,0,25
15050,2020-07,0,25
15050,2020-08,0,25
15050,2020-09,0,25
15050,2020-10,0,25
15050,2020-11,2,27
15050,2020-12,0,27
15050,2021-01,0,27
15050,2021-02,0,27
15050,2021-03,0,27
15050,2021-04,0,27
15050,2021-05,0,27
15050,2021-06,0,27
15050,2021-07,0,27
15050,2021-08,40,67
15050,2021-09,106,173
15050,2021-10,270,443
15050,2021-11,32,475
15050,2021-12,1847,2322
15050,2022-01,7588,9910
15050,2022-02,977,10887
17550,2020-01,0,0
17550,2020-02,0,0
17550,2020-03,12,12
17550,2020-04,2,14
17550,2020-05,0,14
17550,2020-06,0,14
17550,2020-07,0,14
17550,2020-08,0,14
17550,2020-09,0,14
17550,2020-10,1,15
17550,2020-11,0,15
17550,2020-12,1,16
17550,2021-01,1,17
17550,2021-02,0,17
17550,2021-03,0,17
17550,2021-04,1,18
17550,2021-05,0,18
17550,2021-06,0,18
17550,2021-07,0,18
17550,2021-08,0,18
17550,2021-09,1,19
17550,2021-10,6,25
17550,2021-11,7,32
17550,2021-12,407,439
17550,2022-01,8481,8920
17550,2022-02,981,9901
12700,2020-01,0,0
12700,2020-02,0,0
12700,2020-03,5,5
12700,2020-04,1,6
12700,2020-05,0,6
12700,2020-06,0,6
12700,2020-07,0,6
12700,2020-08,0,6
12700,2020-09,0,6
12700,2020-10,0,6
12700,2020-11,0,6
12700,2020-12,0,6
12700,2021-01,0,6
12700,2021-02,0,6
12700,2021-03,0,6
12700,2021-04,0,6
12700,2021-05,0,6
12700,2021-06,0,6
12700,2021-07,0,6
12700,2021-08,0,6
12700,2021-09,2,8
12700,2021-10,12,20
12700,2021-11,5,25
12700,2021-12,46,71
12700,2022-01,481,552
12700,2022-02,69,621
17100,2020-01,0,0
17100,2020-02,0,0
17100,2020-03,5,5
17100,2020-04,9,14
17100,2020-05,4,18
17100,2020-06,0,18
17100,2020-07,3,21
17100,2020-08,1,22
17100,2020-09,1,23
17100,2020-10,0,23
17100,2020-11,3,26
17100,2020-12,1,27
17100,2021-01,0,27
17100,2021-02,0,27
17100,2021-03,0,27
17100,2021-04,2,29
17100,2021-05,1,30
17100,2021-06,4,34
17100,2021-07,39,73
17100,2021-08,150,223
17100,2021-09,321,544
17100,2021-10,56,600
17100,2021-11,27,627
17100,2021-12,1242,1869
17100,2022-01,6505,8374
17100,2022-02,389,8763
11730,2020-01,0,0
11730,2020-02,0,0
11730,2020-03,8,8
11730,2020-04,0,8
11730,2020-05,0,8
11730,2020-06,0,8
11730,2020-07,0,8
11730,2020-08,0,8
11730,2020-09,0,8
11730,2020-10,0,8
11730,2020-11,0,8
11730,2020-12,0,8
11730,2021-01,0,8
11730,2021-02,0,8
11730,2021-03,0,8
11730,2021-04,0,8
11730,2021-05,0,8
11730,2021-06,0,8
11730,2021-07,0,8
11730,2021-08,0,8
11730,2021-09,0,8
11730,2021-10,36,44
11730,2021-11,24,68
11730,2021-12,168,236
11730,2022-01,2175,2411
11730,2022-02,457,2868
14920,2020-01,0,0
14920,2020-02,0,0
14920,2020-03,2,2
14920,2020-04,0,2
14920,2020-05,0,2
14920,2020-06,0,2
14920,2020-07,0,2
14920,2020-08,0,2
14920,2020-09,0,2
14920,2020-10,0,2
14920,2020-11,0,2
14920,2020-12,0,2
14920,2021-01,0,2
14920,2021-02,0,2
14920,2021-03,0,2
14920,2021-04,0,2
14920,2021-05,0,2
14920,2021-06,0,2
14920,2021-07,0,2
14920,2021-08,0,2
14920,2021-09,0,2
14920,2021-10,1,3
14920,2021-11,0,3
14920,2021-12,19,22
14920,2022-01,252,274
14920,2022-02,34,308
16380,2020-01,0,0
16380,2020-02,0,0
16380,2020-03,22,22
16380,2020-04,4,26
16380,2020-05,0,26
16380,2020-06,0,26
16380,2020-07,0,26
16380,2020-08,0,26
16380,2020-09,0,26
16380,2020-10,0,26
16380,2020-11,0,26
16380,2020-12,0,26
16380,2021-01,0,26
16380,2021-02,0,26
16380,2021-03,0,26
16380,2021-04,0,26
16380,2021-05,0,26
16380,2021-06,0,26
16380,2021-07,0,26
16380,2021-08,0,26
16380,2021-09,4,30
16380,2021-10,36,66
16380,2021-11,122,188
16380,2021-12,605,793
16380,2022-01,5007,5800
16380,2022-02,818,6618
12750,2020-01,0,0
12750,2020-02,0,0
12750,2020-03,9,9
12750,2020-04,1,10
12750,2020-05,0,10
12750,2020-06,0,10
12750,2020-07,3,13
12750,2020-08,3,16
12750,2020-09,1,17
12750,2020-10,1,18
12750,2020-11,0,18
12750,2020-12,0,18
12750,2021-01,0,18
12750,2021-02,0,18
12750,2021-03,0,18
12750,2021-04,0,18
12750,2021-05,0,18
12750,2021-06,0,18
12750,2021-07,0,18
12750,2021-08,0,18
12750,2021-09,33,51
12750,2021-10,11,62
12750,2021-11,4,66
12750,2021-12,42,108
12750,2022-01,1550,1658
12750,2022-02,206,1864
16490,2020-01,0,0
16490,2020-02,0,0
16490,2020-03,9,9
16490,2020-04,1,10
16490,2020-05,0,10
16490,2020-06,0,10
16490,2020-07,1,11
16490,2020-08,0,11
16490,2020-09,0,11
16490,2020-10,0,11
16490,2020-11,0,11
16490,2020-12,3,14
16490,2021-01,1,15
16490,2021-02,0,15
16490,2021-03,0,15
16490,2021-04,0,15
16490,2021-05,0,15
16490,2021-06,2,17
16490,2021-07,0,17
16490,2021-08,3,20
16490,2021-09,78,98
16490,2021-10,138,236
16490,2021-11,82,318
16490,2021-12,288,606
16490,2022-01,3585,4191
16490,2022-02,489,4680
10550,2020-01,0,0
10550,2020-02,0,0
10550,2020-03,9,9
10550,2020-04,0,9
10550,2020-05,0,9
10550,2020-06,0,9
10550,2020-07,0,9
10550,2020-08,0,9
10550,2020-09,0,9
10550,2020-10,0,9
10550,2020-11,0,9
10550,2020-12,0,9
10550,2021-01,0,9
10550,2021-02,1,10
10550,2021-03,0,10
10550,2021-04,0,10
10550,2021-05,0,10
10550,2021-06,0,10
10550,2021-07,0,10
10550,2021-08,0,10
10550,2021-09,0,10
10550,2021-10,7,17
10550,2021-11,8,25
10550,2021-12,63,88
10550,2022-01,1448,1536
10550,2022-02,168,1704
16900,2020-01,0,0
16900,2020-02,0,0
16900,2020-03,19,19
16900,2020-04,2,21
16900,2020-05,0,21
16900,2020-06,6,27
16900,2020-07,1,28
16900,2020-08,0,28
16900,2020-09,1,29
16900,2020-10,0,29
16900,2020-11,0,29
16900,2020-12,0,29
16900,2021-01,0,29
16900,2021-02,0,29
16900,2021-03,0,29
16900,2021-04,0,29
16900,2021-05,0,29
16900,2021-06,0,29
16900,2021-07,0,29
16900,2021-08,27,56
16900,2021-09,330,386
16900,2021-10,186,572
16900,2021-11,14,586
16900,2021-12,532,1118
16900,2022-01,7552,8670
16900,2022-02,658,9328
10050,2020-01,0,0
10050,2020-02,0,0
10050,2020-03,6,6
10050,2020-04,2,8
10050,2020-05,0,8
10050,2020-06,0,8
10050,2020-07,3,11
10050,2020-08,0,11
10050,2020-09,0,11
10050,2020-10,0,11
10050,2020-11,0,11
10050,2020-12,0,11
10050,2021-01,0,11
10050,2021-02,0,11
10050,2021-03,0,11
10050,2021-04,0,11
10050,2021-05,0,11
10050,2021-06,0,11
10050,2021-07,0,11
10050,2021-08,0,11
10050,2021-09,7,18
10050,2021-10,446,464
10050,2021-11,265,729
10050,2021-12,157,886
10050,2022-01,3478,4364
10050,2022-02,514,4878
17400,2020-01,0,0
17400,2020-02,0,0
17400,2020-03,3,3
17400,2020-04,0,3
17400,2020-05,0,3
17400,2020-06,0,3
17400,2020-07,0,3
17400,2020-08,0,3
17400,2020-09,0,3
17400,2020-10,0,3
17400,2020-11,0,3
17400,2020-12,0,3
17400,2021-01,0,3
17400,2021-02,0,3
17400,2021-03,0,3
17400,2021-04,0,3
17400,2021-05,0,3
17400,2021-06,0,3
17400,2021-07,0,3
17400,2021-08,0,3
17400,2021-09,0,3
17400,2021-10,1,4
17400,2021-11,3,7
17400,2021-12,5,12
17400,2022-01,125,137
17400,2022-02,27,164
10850,2020-01,0,0
10850,2020-02,0,0
10850,2020-03,3,3
10850,2020-04,0,3
10850,2020-05,0,3
10850,2020-06,0,3
10850,2020-07,0,3
10850,2020-08,0,3
10850,2020-09,0,3
10850,2020-10,0,3
10850,2020-11,0,3
10850,2020-12,0,3
10850,2021-01,0,3
10850,2021-02,0,3
10850,2021-03,0,3
10850,2021-04,0,3
10850,2021-05,0,3
10850,2021-06,0,3
10850,2021-07,0,3
10850,2021-08,3,6
10850,2021-09,5,11
10850,2021-10,0,11
10850,2021-11,0,11
10850,2021-12,22,33
10850,2022-01,385,418
10850,2022-02,67,485
17310,2020-01,0,0
17310,2020-02,0,0
17310,2020-03,12,12
17310,2020-04,1,13
17310,2020-05,0,13
17310,2020-06,0,13
17310,2020-07,0,13
17310,2020-08,0,13
17310,2020-09,0,13
17310,2020-10,0,13
17310,2020-11,0,13
17310,2020-12,0,13
17310,2021-01,0,13
17310,2021-02,0,13
17310,2021-03,0,13
17310,2021-04,0,13
17310,2021-05,0,13
17310,2021-06,0,13
17310,2021-07,0,13
17310,2021-08,0,13
17310,2021-09,1,14
17310,2021-10,136,150
17310,2021-11,94,244
17310,2021-12,370,614
17310,2022-01,4092,4706
17310,2022-02,553,5259
10250,2020-01,0,0
10250,2020-02,0,0
10250,2020-03,4,4
10250,2020-04,4,8
10250,2020-05,0,8
10250,2020-06,0,8
10250,2020-07,0,8
10250,2020-08,0,8
10250,2020-09,0,8
10250,2020-10,0,8
10250,2020-11,1,9
10250,2020-12,1,10
10250,2021-01,2,12
10250,2021-02,0,12
10250,2021-03,2,14
10250,2021-04,0,14
10250,2021-05,0,14
10250,2021-06,0,14
10250,2021-07,1,15
10250,2021-08,0,15
10250,2021-09,0,15
10250,2021-10,11,26
10250,2021-11,6,32
10250,2021-12,336,368
10250,2022-01,2899,3267
10250,2022-02,508,3775
16400,2020-01,0,0
16400,2020-02,0,0
16400,2020-03,22,22
16400,2020-04,7,29
16400,2020-05,0,29
16400,2020-06,0,29
16400,2020-07,7,36
16400,2020-08,0,36
16400,2020-09,0,36
16400,2020-10,0,36
16400,2020-11,1,37
16400,2020-12,1,38
16400,2021-01,1,39
16400,2021-02,0,39
16400,2021-03,0,39
16400,2021-04,1,40
16400,2021-05,2,42
16400,2021-06,0,42
16400,2021-07,0,42
16400,2021-08,13,55
16400,2021-09,80,135
16400,2021-10,120,255
16400,2021-11,71,326
16400,2021-12,925,1251
16400,2022-01,4899,6150
16400,2022-02,545,6695
14200,2020-01,0,0
14200,2020-02,0,0
14200,2020-03,3,3
14200,2020-04,0,3
14200,2020-05,0,3
14200,2020-06,0,3
14200,2020-07,0,3
14200,2020-08,0,3
14200,2020-09,0,3
14200,2020-10,0,3
14200,2020-11,1,4
14200,2020-12,0,4
14200,2021-01,0,4
14200,2021-02,0,4
14200,2021-03,0,4
14200,2021-04,0,4
14200,2021-05,0,4
14200,2021-06,0,4
14200,2021-07,1,5
14200,2021-08,0,5
14200,2021-09,0,5
14200,2021-10,1,6
14200,2021-11,126,132
14200,2021-12,47,179
14200,2022-01,1054,1233
14200,2022-02,236,1469
14870,2020-01,0,0
14870,2020-02,0,0
14870,2020-03,1,1
14870,2020-04,3,4
14870,2020-05,0,4
14870,2020-06,0,4
14870,2020-07,0,4
14870,2020-08,0,4
14870,2020-09,0,4
14870,2020-10,0,4
14870,2020-11,1,5
14870,2020-12,1,6
14870,2021-01,0,6
14870,2021-02,0,6
14870,2021-03,0,6
14870,2021-04,0,6
14870,2021-05,1,7
14870,2021-06,0,7
14870,2021-07,0,7
14870,2021-08,4,11
14870,2021-09,18,29
14870,2021-10,17,46
14870,2021-11,3,49
14870,2021-12,51,100
14870,2022-01,846,946
14870,2022-02,134,1080
14350,2020-01,0,0
14350,2020-02,0,0
14350,2020-03,3,3
14350,2020-04,1,4
14350,2020-05,0,4
14350,2020-06,0,4
14350,2020-07,0,4
14350,2020-08,0,4
14350,2020-09,0,4
14350,2020-10,0,4
14350,2020-11,0,4
14350,2020-12,0,4
14350,2021-01,0,4
14350,2021-02,0,4
14350,2021-03,0,4
14350,2021-04,0,4
14350,2021-05,0,4
14350,2021-06,0,4
14350,2021-07,0,4
14350,2021-08,2,6
14350,2021-09,9,15
14350,2021-10,181,196
14350,2021-11,85,281
14350,2021-12,166,447
14350,2022-01,1980,2427
14350,2022-02,350,2777
15700,2020-01,0,0
15700,2020-02,0,0
15700,2020-03,2,2
15700,2020-04,1,3
15700,2020-05,0,3
15700,2020-06,0,3
15700,2020-07,0,3
15700,2020-08,0,3
15700,2020-09,0,3
15700,2020-10,0,3
15700,2020-11,0,3
15700,2020-12,0,3
15700,2021-01,0,3
15700,2021-02,0,3
15700,2021-03,0,3
15700,2021-04,0,3
15700,2021-05,0,3
15700,2021-06,0,3
15700,2021-07,0,3
15700,2021-08,0,3
15700,2021-09,2,5
15700,2021-10,15,20
15700,2021-11,17,37
15700,2021-12,74,111
15700,2022-01,844,955
15700,2022-02,201,1156
12390,2020-01,0,0
12390,2020-02,0,0
12390,2020-03,5,5
12390,2020-04,0,5
12390,2020-05,0,5
12390,2020-06,0,5
12390,2020-07,0,5
12390,2020-08,0,5
12390,2020-09,0,5
12390,2020-10,0,5
12390,2020-11,0,5
12390,2020-12,0,5
12390,2021-01,0,5
12390,2021-02,0,5
12390,2021-03,0,5
12390,2021-04,2,7
12390,2021-05,1,8
12390,2021-06,0,8
12390,2021-07,0,8
12390,2021-08,488,496
12390,2021-09,392,888
12390,2021-10,94,982
12390,2021-11,17,999
12390,2021-12,341,1340
12390,2022-01,3873,5213
12390,2022-02,538,5751
15270,2020-01,0,0
15270,2020-02,0,0
15270,2020-03,4,4
15270,2020-04,2,6
15270,2020-05,0,6
15270,2020-06,0,6
15270,2020-07,0,6
15270,2020-08,0,6
15270,2020-09,0,6
15270,2020-10,0,6
15270,2020-11,0,6
15270,2020-12,0,6
15270,2021-01,0,6
15270,2021-02,0,6
15270,2021-03,0,6
15270,2021-04,0,6
15270,2021-05,0,6
15270,2021-06,0,6
15270,2021-07,0,6
15270,2021-08,11,17
15270,2021-09,16,33
15270,2021-10,6,39
15270,2021-11,1,40
15270,2021-12,111,151
15270,2022-01,1081,1232
15270,2022-02,237,1469
18020,2020-01,0,0
18020,2020-02,0,0
18020,2020-03,2,2
18020,2020-04,0,2
18020,2020-05,0,2
18020,2020-06,0,2
18020,2020-07,0,2
18020,2020-08,0,2
18020,2020-09,0,2
18020,2020-10,0,2
18020,2020-11,0,2
18020,2020-12,0,2
18020,2021-01,0,2
18020,2021-02,0,2
18020,2021-03,0,2
18020,2021-04,0,2
18020,2021-05,0,2
18020,2021-06,0,2
18020,2021-07,0,2
18020,2021-08,0,2
18020,2021-09,3,5
18020,2021-10,0,5
18020,2021-11,52,57
18020,2021-12,38,95
18020,2022-01,334,429
18020,2022-02,41,470
14850,2020-01,0,0
14850,2020-02,0,0
14850,2020-03,5,5
14850,2020-04,0,5
14850,2020-05,0,5
14850,2020-06,0,5
14850,2020-07,1,6
14850,2020-08,0,6
14850,2020-09,0,6
14850,2020-10,0,6
14850,2020-11,0,6
14850,2020-12,0,6
14850,2021-01,0,6
14850,2021-02,0,6
14850,2021-03,0,6
14850,2021-04,0,6
14850,2021-05,0,6
14850,2021-06,0,6
14850,2021-07,0,6
14850,2021-08,0,6
14850,2021-09,4,10
14850,2021-10,20,30
14850,2021-11,19,49
14850,2021-12,241,290
14850,2022-01,2380,2670
14850,2022-02,425,3095
17750,2020-01,0,0
17750,2020-02,0,0
17750,2020-03,9,9
17750,2020-04,1,10
17750,2020-05,0,10
17750,2020-06,0,10
17750,2020-07,0,10
17750,2020-08,4,14
17750,2020-09,1,15
17750,2020-10,0,15
17750,2020-11,0,15
17750,2020-12,2,17
17750,2021-01,0,17
17750,2021-02,1,18
17750,2021-03,0,18
17750,2021-04,0,18
17750,2021-05,1,19
17750,2021-06,0,19
17750,2021-07,0,19
17750,2021-08,0,19
17750,2021-09,0,19
17750,2021-10,14,33
17750,2021-11,63,96
17750,2021-12,289,385
17750,2022-01,4480,4865
17750,2022-02,580,5445
11400,2020-01,0,0
11400,2020-02,0,0
11400,2020-03,2,2
11400,2020-04,3,5
11400,2020-05,0,5
11400,2020-06,0,5
11400,2020-07,0,5
11400,2020-08,0,5
11400,2020-09,0,5
11400,2020-10,0,5
11400,2020-11,0,5
11400,2020-12,0,5
11400,2021-01,0,5
11400,2021-02,0,5
11400,2021-03,0,5
11400,2021-04,0,5
11400,2021-05,0,5
11400,2021-06,0,5
11400,2021-07,1,6
11400,2021-08,0,6
11400,2021-09,2,8
11400,2021-10,0,8
11400,2021-11,22,30
11400,2021-12,80,110
11400,2022-01,461,571
11400,2022-02,82,653
13450,2020-01,0,0
13450,2020-02,0,0
13450,2020-03,3,3
13450,2020-04,0,3
13450,2020-05,0,3
13450,2020-06,0,3
13450,2020-07,0,3
13450,2020-08,0,3
13450,2020-09,0,3
13450,2020-10,0,3
13450,2020-11,0,3
13450,2020-12,0,3
13450,2021-01,0,3
13450,2021-02,0,3
13450,2021-03,0,3
13450,2021-04,0,3
13450,2021-05,0,3
13450,2021-06,0,3
13450,2021-07,0,3
13450,2021-08,0,3
13450,2021-09,1,4
13450,2021-10,1,5
13450,2021-11,15,20
13450,2021-12,113,133
13450,2022-01,2868,3001
13450,2022-02,231,3232
12160,2020-01,0,0
12160,2020-02,0,0
12160,2020-03,1,1
12160,2020-04,1,2
12160,2020-05,0,2
12160,2020-06,0,2
12160,2020-07,0,2
12160,2020-08,0,2
12160,2020-09,0,2
12160,2020-10,0,2
12160,2020-11,0,2
12160,2020-12,0,2
12160,2021-01,0,2
12160,2021-02,0,2
12160,2021-03,0,2
12160,2021-04,0,2
12160,2021-05,0,2
12160,2021-06,0,2
12160,2021-07,0,2
12160,2021-08,0,2
12160,2021-09,0,2
12160,2021-10,1,3
12160,2021-11,0,3
12160,2021-12,27,30
12160,2022-01,400,430
12160,2022-02,103,533
12870,2020-01,0,0
12870,2020-02,0,0
12870,2020-03,7,7
12870,2020-04,0,7
12870,2020-05,0,7
12870,2020-06,0,7
12870,2020-07,0,7
12870,2020-08,0,7
12870,2020-09,0,7
12870,2020-10,0,7
12870,2020-11,0,7
12870,2020-12,0,7
12870,2021-01,0,7
12870,2021-02,0,7
12870,2021-03,0,7
12870,2021-04,0,7
12870,2021-05,0,7
12870,2021-06,0,7
12870,2021-07,0,7
12870,2021-08,0,7
12870,2021-09,0,7
12870,2021-10,10,17
12870,2021-11,44,61
12870,2021-12,13,74
12870,2022-01,685,759
12870,2022-02,86,845
17000,2020-01,0,0
17000,2020-02,0,0
17000,2020-03,2,2
17000,2020-04,1,3
17000,2020-05,0,3
17000,2020-06,0,3
17000,2020-07,1,4
17000,2020-08,0,4
17000,2020-09,0,4
17000,2020-10,0,4
17000,2020-11,0,4
17000,2020-12,0,4
17000,2021-01,0,4
17000,2021-02,0,4
17000,2021-03,0,4
17000,2021-04,0,4
17000,2021-05,0,4
17000,2021-06,0,4
17000,2021-07,0,4
17000,2021-08,0,4
17000,2021-09,12,16
17000,2021-10,26,42
17000,2021-11,5,47
17000,2021-12,315,362
17000,2022-01,1564,1926
17000,2022-02,231,2157
13340,2020-01,0,0
13340,2020-02,0,0
13340,2020-03,3,3
13340,2020-04,0,3
13340,2020-05,0,3
13340,2020-06,0,3
13340,2020-07,0,3
13340,2020-08,0,3
13340,2020-09,0,3
13340,2020-10,0,3
13340,2020-11,0,3
13340,2020-12,0,3
13340,2021-01,0,3
13340,2021-02,0,3
13340,2021-03,0,3
13340,2021-04,0,3
13340,2021-05,0,3
13340,2021-06,0,3
13340,2021-07,0,3
13340,2021-08,0,3
13340,2021-09,0,3
13340,2021-10,27,30
13340,2021-11,12,42
13340,2021-12,40,82
13340,2022-01,590,672
13340,2022-02,70,742
15850,2020-01,0,0
15850,2020-02,0,0
15850,2020-03,1,1
15850,2020-04,0,1
15850,2020-05,0,1
15850,2020-06,0,1
15850,2020-07,0,1
15850,2020-08,0,1
15850,2020-09,0,1
15850,2020-10,0,1
15850,2020-11,0,1
15850,2020-12,0,1
15850,2021-01,0,1
15850,2021-02,0,1
15850,2021-03,0,1
15850,2021-04,0,1
15850,2021-05,0,1
15850,2021-06,0,1
15850,2021-07,0,1
15850,2021-08,15,16
15850,2021-09,26,42
15850,2021-10,13,55
15850,2021-11,1,56
15850,2021-12,21,77
15850,2022-01,323,400
15850,2022-02,40,440
17040,2020-01,0,0
17040,2020-02,0,0
17040,2020-03,6,6
17040,2020-04,0,6
17040,2020-05,0,6
17040,2020-06,0,6
17040,2020-07,0,6
17040,2020-08,0,6
17040,2020-09,0,6
17040,2020-10,0,6
17040,2020-11,2,8
17040,2020-12,1,9
17040,2021-01,2,11
17040,2021-02,0,11
17040,2021-03,0,11
17040,2021-04,0,11
17040,2021-05,0,11
17040,2021-06,0,11
17040,2021-07,1,12
17040,2021-08,0,12
17040,2021-09,12,24
17040,2021-10,68,92
17040,2021-11,21,113
17040,2021-12,86,199
17040,2022-01,983,1182
17040,2022-02,115,1297
18100,2020-01,0,0
18100,2020-02,0,0
18100,2020-03,1,1
18100,2020-04,0,1
18100,2020-05,0,1
18100,2020-06,0,1
18100,2020-07,0,1
18100,2020-08,0,1
18100,2020-09,0,1
18100,2020-10,0,1
18100,2020-11,0,1
18100,2020-12,0,1
18100,2021-01,0,1
18100,2021-02,0,1
18100,2021-03,0,1
18100,2021-04,0,1
18100,2021-05,0,1
18100,2021-06,0,1
18100,2021-07,0,1
18100,2021-08,0,1
18100,2021-09,0,1
18100,2021-10,0,1
18100,2021-11,0,1
18100,2021-12,2,3
18100,2022-01,87,90
18100,2022-02,9,99
17620,2020-01,0,0
17620,2020-02,0,0
17620,2020-03,1,1
17620,2020-04,0,1
17620,2020-05,0,1
17620,2020-06,0,1
17620,2020-07,0,1
17620,2020-08,0,1
17620,2020-09,1,2
17620,2020-10,0,2
17620,2020-11,1,3
17620,2020-12,0,3
17620,2021-01,0,3
17620,2021-02,0,3
17620,2021-03,0,3
17620,2021-04,0,3
17620,2021-05,0,3
17620,2021-06,0,3
17620,2021-07,0,3
17620,2021-08,0,3
17620,2021-09,4,7
17620,2021-10,2,9
17620,2021-11,1,10
17620,2021-12,134,144
17620,2022-01,693,837
17620,2022-02,75,912
18400,2020-01,0,0
18400,2020-02,0,0
18400,2020-03,2,2
18400,2020-04,0,2
18400,2020-05,2,4
18400,2020-06,0,4
18400,2020-07,5,9
18400,2020-08,2,11
18400,2020-09,1,12
18400,2020-10,4,16
18400,2020-11,0,16
18400,2020-12,0,16
18400,2021-01,0,16
18400,2021-02,0,16
18400,2021-03,0,16
18400,2021-04,0,16
18400,2021-05,0,16
18400,2021-06,0,16
18400,2021-07,5,21
18400,2021-08,28,49
18400,2021-09,124,173
18400,2021-10,66,239
18400,2021-11,9,248
18400,2021-12,384,632
18400,2022-01,3527,4159
18400,2022-02,332,4491
13010,2020-01,0,0
13010,2020-02,0,0
13010,2020-03,2,2
13010,2020-04,0,2
13010,2020-05,0,2
13010,2020-06,0,2
13010,2020-07,0,2
13010,2020-08,0,2
13010,2020-09,0,2
13010,2020-10,0,2
13010,2020-11,0,2
13010,2020-12,0,2
13010,2021-01,0,2
13010,2021-02,0,2
13010,2021-03,0,2
13010,2021-04,0,2
13010,2021-05,0,2
13010,2021-06,1,3
13010,2021-07,0,3
13010,2021-08,0,3
13010,2021-09,2,5
13010,2021-10,1,6
13010,2021-11,0,6
13010,2021-12,11,17
13010,2022-01,297,314
13010,2022-02,79,393
17950,2020-01,0,0
17950,2020-02,0,0
17950,2020-03,1,1
17950,2020-04,0,1
17950,2020-05,0,1
17950,2020-06,0,1
17950,2020-07,0,1
17950,2020-08,0,1
17950,2020-09,0,1
17950,2020-10,0,1
17950,2020-11,0,1
17950,2020-12,0,1
17950,2021-01,0,1
17950,2021-02,0,1
17950,2021-03,0,1
17950,2021-04,0,1
17950,2021-05,0,1
17950,2021-06,0,1
17950,2021-07,0,1
17950,2021-08,3,4
17950,2021-09,5,9
17950,2021-10,0,9
17950,2021-11,0,9
17950,2021-12,24,33
17950,2022-01,140,173
17950,2022-02,8,181
15650,2020-01,0,0
15650,2020-02,0,0
15650,2020-03,1,1
15650,2020-04,0,1
15650,2020-05,0,1
15650,2020-06,0,1
15650,2020-07,0,1
15650,2020-08,0,1
15650,2020-09,0,1
15650,2020-10,0,1
15650,2020-11,0,1
15650,2020-12,0,1
15650,2021-01,0,1
15650,2021-02,0,1
15650,2021-03,0,1
15650,2021-04,0,1
15650,2021-05,0,1
15650,2021-06,0,1
15650,2021-07,0,1
15650,2021-08,0,1
15650,2021-09,10,11
15650,2021-10,18,29
15650,2021-11,1,30
15650,2021-12,159,189
15650,2022-01,946,1135
15650,2022-02,126,1261
18710,2020-01,0,0
18710,2020-02,0,0
18710,2020-03,6,6
18710,2020-04,0,6
18710,2020-05,0,6
18710,2020-06,0,6
18710,2020-07,0,6
18710,2020-08,0,6
18710,2020-09,0,6
18710,2020-10,0,6
18710,2020-11,2,8
18710,2020-12,0,8
18710,2021-01,0,8
18710,2021-02,0,8
18710,2021-03,0,8
18710,2021-04,0,8
18710,2021-05,0,8
18710,2021-06,0,8
18710,2021-07,0,8
18710,2021-08,0,8
18710,2021-09,19,27
18710,2021-10,6,33
18710,2021-11,9,42
18710,2021-12,105,147
18710,2022-01,618,765
18710,2022-02,91,856
15560,2020-01,0,0
15560,2020-02,0,0
15560,2020-03,3,3
15560,2020-04,0,3
15560,2020-05,0,3
15560,2020-06,0,3
15560,2020-07,0,3
15560,2020-08,0,3
15560,2020-09,0,3
15560,2020-10,0,3
15560,2020-11,0,3
15560,2020-12,0,3
15560,2021-01,0,3
15560,2021-02,0,3
15560,2021-03,0,3
15560,2021-04,0,3
15560,2021-05,0,3
15560,2021-06,0,3
15560,2021-07,0,3
15560,2021-08,0,3
15560,2021-09,0,3
15560,2021-10,3,6
15560,2021-11,0,6
15560,2021-12,12,18
15560,2022-01,196,214
15560,2022-02,53,267
17640,2020-01,0,0
17640,2020-02,0,0
17640,2020-03,3,3
17640,2020-04,0,3
17640,2020-05,0,3
17640,2020-06,0,3
17640,2020-07,0,3
17640,2020-08,0,3
17640,2020-09,0,3
17640,2020-10,0,3
17640,2020-11,0,3
17640,2020-12,0,3
17640,2021-01,0,3
17640,2021-02,0,3
17640,2021-03,0,3
17640,2021-04,0,3
17640,2021-05,0,3
17640,2021-06,0,3
17640,2021-07,0,3
17640,2021-08,0,3
17640,2021-09,0,3
17640,2021-10,2,5
17640,2021-11,1,6
17640,2021-12,33,39
17640,2022-01,299,338
17640,2022-02,26,364
10600,2020-01,0,0
10600,2020-02,0,0
10600,2020-03,1,1
10600,2020-04,0,1
10600,2020-05,0,1
10600,2020-06,0,1
10600,2020-07,0,1
10600,2020-08,0,1
10600,2020-09,0,1
10600,2020-10,0,1
10600,2020-11,0,1
10600,2020-12,0,1
10600,2021-01,0,1
10600,2021-02,0,1
10600,2021-03,0,1
10600,2021-04,0,1
10600,2021-05,0,1
10600,2021-06,0,1
10600,2021-07,0,1
10600,2021-08,0,1
10600,2021-09,0,1
10600,2021-10,0,1
10600,2021-11,1,2
10600,2021-12,97,99
10600,2022-01,518,617
10600,2022-02,93,710
10130,2020-01,0,0
10130,2020-02,0,0
10130,2020-03,1,1
10130,2020-04,3,4
10130,2020-05,0,4
10130,2020-06,0,4
10130,2020-07,0,4
10130,2020-08,0,4
10130,2020-09,0,4
10130,2020-10,0,4
10130,2020-11,0,4
10130,2020-12,0,4
10130,2021-01,1,5
10130,2021-02,0,5
10130,2021-03,0,5
10130,2021-04,0,5
10130,2021-05,0,5
10130,2021-06,0,5
10130,2021-07,0,5
10130,2021-08,4,9
10130,2021-09,0,9
10130,2021-10,8,17
10130,2021-11,26,43
10130,2021-12,121,164
10130,2022-01,1669,1833
10130,2022-02,430,2263
13850,2020-01,0,0
13850,2020-02,0,0
13850,2020-03,1,1
13850,2020-04,0,1
13850,2020-05,0,1
13850,2020-06,0,1
13850,2020-07,0,1
13850,2020-08,0,1
13850,2020-09,0,1
13850,2020-10,0,1
13850,2020-11,0,1
13850,2020-12,0,1
13850,2021-01,0,1
13850,2021-02,0,1
13850,2021-03,0,1
13850,2021-04,0,1
13850,2021-05,0,1
13850,2021-06,0,1
13850,2021-07,0,1
13850,2021-08,0,1
13850,2021-09,0,1
13850,2021-10,0,1
13850,2021-11,1,2
13850,2021-12,4,6
13850,2022-01,74,80
13850,2022-02,15,95
10650,2020-01,0,0
10650,2020-02,0,0
10650,2020-03,2,2
10650,2020-04,3,5
10650,2020-05,0,5
10650,2020-06,0,5
10650,2020-07,0,5
10650,2020-08,0,5
10650,2020-09,0,5
10650,2020-10,0,5
10650,2020-11,0,5
10650,2020-12,0,5
10650,2021-01,0,5
10650,2021-02,0,5
10650,2021-03,0,5
10650,2021-04,0,5
10650,2021-05,0,5
10650,2021-06,0,5
10650,2021-07,0,5
10650,2021-08,0,5
10650,2021-09,0,5
10650,2021-10,11,16
10650,2021-11,1,17
10650,2021-12,4,21
10650,2022-01,196,217
10650,2022-02,73,290
15800,2020-01,0,0
15800,2020-02,0,0
15800,2020-03,1,1
15800,2020-04,0,1
15800,2020-05,0,1
15800,2020-06,0,1
15800,2020-07,0,1
15800,2020-08,0,1
15800,2020-09,0,1
15800,2020-10,0,1
15800,2020-11,0,1
15800,2020-12,0,1
15800,2021-01,0,1
15800,2021-02,0,1
15800,2021-03,0,1
15800,2021-04,0,1
15800,2021-05,0,1
15800,2021-06,0,1
15800,2021-07,0,1
15800,2021-08,0,1
15800,2021-09,0,1
15800,2021-10,0,1
15800,2021-11,0,1
15800,2021-12,13,14
15800,2022-01,155,169
15800,2022-02,78,247
11250,2020-01,0,0
11250,2020-02,0,0
11250,2020-03,1,1
11250,2020-04,1,2
11250,2020-05,0,2
11250,2020-06,0,2
11250,2020-07,0,2
11250,2020-08,0,2
11250,2020-09,0,2
11250,2020-10,0,2
11250,2020-11,0,2
11250,2020-12,0,2
11250,2021-01,0,2
11250,2021-02,0,2
11250,2021-03,0,2
11250,2021-04,0,2
11250,2021-05,0,2
11250,2021-06,0,2
11250,2021-07,0,2
11250,2021-08,7,9
11250,2021-09,104,113
11250,2021-10,19,132
11250,2021-11,20,152
11250,2021-12,39,191
11250,2022-01,445,636
11250,2022-02,81,717
17650,2020-01,0,0
17650,2020-02,0,0
17650,2020-03,1,1
17650,2020-04,0,1
17650,2020-05,0,1
17650,2020-06,0,1
17650,2020-07,0,1
17650,2020-08,0,1
17650,2020-09,0,1
17650,2020-10,0,1
17650,2020-11,0,1
17650,2020-12,0,1
17650,2021-01,0,1
17650,2021-02,0,1
17650,2021-03,0,1
17650,2021-04,0,1
17650,2021-05,0,1
17650,2021-06,0,1
17650,2021-07,0,1
17650,2021-08,0,1
17650,2021-09,0,1
17650,2021-10,0,1
17650,2021-11,0,1
17650,2021-12,9,10
17650,2022-01,131,141
17650,2022-02,20,161
16610,2020-01,0,0
16610,2020-02,0,0
16610,2020-03,1,1
16610,2020-04,1,2
16610,2020-05,0,2
16610,2020-06,0,2
16610,2020-07,0,2
16610,2020-08,0,2
16610,2020-09,0,2
16610,2020-10,0,2
16610,2020-11,0,2
16610,2020-12,0,2
16610,2021-01,0,2
16610,2021-02,0,2
16610,2021-03,0,2
16610,2021-04,0,2
16610,2021-05,0,2
16610,2021-06,0,2
16610,2021-07,0,2
16610,2021-08,0,2
16610,2021-09,1,3
16610,2021-10,21,24
16610,2021-11,5,29
16610,2021-12,32,61
16610,2022-01,1181,1242
16610,2022-02,233,1475
13910,2020-01,0,0
13910,2020-02,0,0
13910,2020-03,0,0
13910,2020-04,2,2
13910,2020-05,0,2
13910,2020-06,0,2
13910,2020-07,0,2
13910,2020-08,0,2
13910,2020-09,0,2
13910,2020-10,0,2
13910,2020-11,0,2
13910,2020-12,0,2
13910,2021-01,0,2
13910,2021-02,0,2
13910,2021-03,0,2
13910,2021-04,0,2
13910,2021-05,0,2
13910,2021-06,0,2
13910,2021-07,0,2
13910,2021-08,0,2
13910,2021-09,22,24
13910,2021-10,2,26
13910,2021-11,0,26
13910,2021-12,47,73
13910,2022-01,821,894
13910,2022-02,144,1038
13550,2020-01,0,0
13550,2020-02,0,0
13550,2020-03,0,0
13550,2020-04,1,1
13550,2020-05,0,1
13550,2020-06,0,1
13550,2020-07,0,1
13550,2020-08,0,1
13550,2020-09,0,1
13550,2020-10,0,1
13550,2020-11,0,1
13550,2020-12,0,1
13550,2021-01,0,1
13550,2021-02,0,1
13550,2021-03,0,1
13550,2021-04,0,1
13550,2021-05,0,1
13550,2021-06,0,1
13550,2021-07,1,2
13550,2021-08,0,2
13550,2021-09,1,3
13550,2021-10,16,19
13550,2021-11,0,19
13550,2021-12,51,70
13550,2022-01,617,687
13550,2022-02,86,773
16200,2020-01,0,0
16200,2020-02,0,0
16200,2020-03,0,0
16200,2020-04,1,1
16200,2020-05,0,1
16200,2020-06,0,1
16200,2020-07,0,1
16200,2020-08,1,2
16200,2020-09,0,2
16200,2020-10,0,2
16200,2020-11,0,2
16200,2020-12,0,2
16200,2021-01,0,2
16200,2021-02,0,2
16200,2021-03,0,2
16200,2021-04,0,2
16200,2021-05,0,2
16200,2021-06,0,2
16200,2021-07,0,2
16200,2021-08,10,12
16200,2021-09,0,12
16200,2021-10,0,12
16200,2021-11,1,13
16200,2021-12,30,43
16200,2022-01,640,683
16200,2022-02,165,848
15300,2020-01,0,0
15300,2020-02,0,0
15300,2020-03,0,0
15300,2020-04,1,1
15300,2020-05,0,1
15300,2020-06,0,1
15300,2020-07,0,1
15300,2020-08,0,1
15300,2020-09,0,1
15300,2020-10,0,1
15300,2020-11,0,1
15300,2020-12,0,1
15300,2021-01,0,1
15300,2021-02,0,1
15300,2021-03,0,1
15300,2021-04,0,1
15300,2021-05,0,1
15300,2021-06,0,1
15300,2021-07,0,1
15300,2021-08,0,1
15300,2021-09,1,2
15300,2021-10,1,3
15300,2021-11,222,225
15300,2021-12,143,368
15300,2022-01,852,1220
15300,2022-02,138,1358
17080,2020-01,0,0
17080,2020-02,0,0
17080,2020-03,0,0
17080,2020-04,0,0
17080,2020-05,0,0
17080,2020-06,0,0
17080,2020-07,1,1
17080,2020-08,0,1
17080,2020-09,0,1
17080,2020-10,0,1
17080,2020-11,0,1
17080,2020-12,0,1
17080,2021-01,0,1
17080,2021-02,0,1
17080,2021-03,0,1
17080,2021-04,0,1
17080,2021-05,0,1
17080,2021-06,0,1
17080,2021-07,0,1
17080,2021-08,0,1
17080,2021-09,0,1
17080,2021-10,0,1
17080,2021-11,4,5
17080,2021-12,36,41
17080,2022-01,639,680
17080,2022-02,124,804
14300,2020-01,0,0
14300,2020-02,0,0
14300,2020-03,0,0
14300,2020-04,0,0
14300,2020-05,0,0
14300,2020-06,0,0
14300,2020-07,1,1
14300,2020-08,0,1
14300,2020-09,0,1
14300,2020-10,0,1
14300,2020-11,0,1
14300,2020-12,0,1
14300,2021-01,0,1
14300,2021-02,0,1
14300,2021-03,0,1
14300,2021-04,0,1
14300,2021-05,0,1
14300,2021-06,0,1
14300,2021-07,0,1
14300,2021-08,0,1
14300,2021-09,0,1
14300,2021-10,0,1
14300,2021-11,0,1
14300,2021-12,19,20
14300,2022-01,442,462
14300,2022-02,53,515
17350,2020-01,0,0
17350,2020-02,0,0
17350,2020-03,0,0
17350,2020-04,0,0
17350,2020-05,0,0
17350,2020-06,0,0
17350,2020-07,0,0
17350,2020-08,0,0
17350,2020-09,1,1
17350,2020-10,0,1
17350,2020-11,0,1
17350,2020-12,0,1
17350,2021-01,0,1
17350,2021-02,0,1
17350,2021-03,0,1
17350,2021-04,0,1
17350,2021-05,0,1
17350,2021-06,0,1
17350,2021-07,0,1
17350,2021-08,0,1
17350,2021-09,0,1
17350,2021-10,2,3
17350,2021-11,4,7
17350,2021-12,18,25
17350,2022-01,261,286
17350,2022-02,53,339
12150,2020-01,0,0
12150,2020-02,0,0
12150,2020-03,0,0
12150,2020-04,0,0
12150,2020-05,0,0
12150,2020-06,0,0
12150,2020-07,0,0
12150,2020-08,0,0
12150,2020-09,0,0
12150,2020-10,0,0
12150,2020-11,1,1
12150,2020-12,0,1
12150,2021-01,0,1
12150,2021-02,0,1
12150,2021-03,0,1
12150,2021-04,0,1
12150,2021-05,0,1
12150,2021-06,0,1
12150,2021-07,0,1
12150,2021-08,2,3
12150,2021-09,0,3
12150,2021-10,0,3
12150,2021-11,1,4
12150,2021-12,21,25
12150,2022-01,205,230
12150,2022-02,39,269
17900,2020-01,0,0
17900,2020-02,0,0
17900,2020-03,0,0
17900,2020-04,0,0
17900,2020-05,0,0
17900,2020-06,0,0
17900,2020-07,0,0
17900,2020-08,0,0
17900,2020-09,0,0
17900,2020-10,0,0
17900,2020-11,0,0
17900,2020-12,0,0
17900,2021-01,0,0
17900,2021-02,0,0
17900,2021-03,0,0
17900,2021-04,0,0
17900,2021-05,0,0
17900,2021-06,0,0
17900,2021-07,0,0
17900,2021-08,4,4
17900,2021-09,32,36
17900,2021-10,51,87
17900,2021-11,1,88
17900,2021-12,33,121
17900,2022-01,218,339
17900,2022-02,50,389
X999,2020-01,0,0
X999,2020-02,0,0
X999,2020-03,0,0
X999,2020-04,0,0
X999,2020-05,0,0
X999,2020-06,0,0
X999,2020-07,0,0
X999,2020-08,0,0
X999,2020-09,0,0
X999,2020-10,0,0
X999,2020-11,0,0
X999,2020-12,0,0
X999,2021-01,0,0
X999,2021-02,0,0
X999,2021-03,0,0
X999,2021-04,0,0
X999,2021-05,0,0
X999,2021-06,0,0
X999,2021-07,0,0
X999,2021-08,78,78
X999,2021-09,174,252
X999,2021-10,50,302
X999,2021-11,5,307
X999,2021-12,21,328
X999,2022-01,390,718
X999,2022-02,114,832
12950,2020-01,0,0
12950,2020-02,0,0
12950,2020-03,0,0
12950,2020-04,0,0
12950,2020-05,0,0
12950,2020-06,0,0
12950,2020-07,0,0
12950,2020-08,0,0
12950,2020-09,0,0
12950,2020-10,0,0
12950,2020-11,0,0
12950,2020-12,0,0
12950,2021-01,0,0
12950,2021-02,0,0
12950,2021-03,0,0
12950,2021-04,0,0
12950,2021-05,0,0
12950,2021-06,0,0
12950,2021-07,0,0
12950,2021-08,6,6
12950,2021-09,3,9
12950,2021-10,0,9
12950,2021-11,1,10
12950,2021-12,7,17
12950,2022-01,164,181
12950,2022-02,45,226
11150,2020-01,0,0
11150,2020-02,0,0
11150,2020-03,0,0
11150,2020-04,0,0
11150,2020-05,0,0
11150,2020-06,0,0
11150,2020-07,0,0
11150,2020-08,0,0
11150,2020-09,0,0
11150,2020-10,0,0
11150,2020-11,0,0
11150,2020-12,0,0
11150,2021-01,0,0
11150,2021-02,0,0
11150,2021-03,0,0
11150,2021-04,0,0
11150,2021-05,0,0
11150,2021-06,0,0
11150,2021-07,0,0
11150,2021-08,45,45
11150,2021-09,81,126
11150,2021-10,30,156
11150,2021-11,0,156
11150,2021-12,10,166
11150,2022-01,142,308
11150,2022-02,19,327
11700,2020-01,0,0
11700,2020-02,0,0
11700,2020-03,0,0
11700,2020-04,0,0
11700,2020-05,0,0
11700,2020-06,0,0
11700,2020-07,0,0
11700,2020-08,0,0
11700,2020-09,0,0
11700,2020-10,0,0
11700,2020-11,0,0
11700,2020-12,0,0
11700,2021-01,0,0
11700,2021-02,0,0
11700,2021-03,0,0
11700,2021-04,0,0
11700,2021-05,0,0
11700,2021-06,0,0
11700,2021-07,0,0
11700,2021-08,78,78
11700,2021-09,71,149
11700,2021-10,1,150
11700,2021-11,26,176
11700,2021-12,2,178
11700,2022-01,73,251
11700,2022-02,13,264
11200,2020-01,0,0
11200,2020-02,0,0
11200,2020-03,0,0
11200,2020-04,0,0
11200,2020-05,0,0
11200,2020-06,0,0
11200,2020-07,0,0
11200,2020-08,0,0
11200,2020-09,0,0
11200,2020-10,0,0
11200,2020-11,0,0
11200,2020-12,0,0
11200,2021-01,0,0
11200,2021-02,0,0
11200,2021-03,0,0
11200,2021-04,0,0
11200,2021-05,0,0
11200,2021-06,0,0
11200,2021-07,0,0
11200,2021-08,10,10
11200,2021-09,0,10
11200,2021-10,0,10
11200,2021-11,0,10
11200,2021-12,8,18
11200,2022-01,49,67
11200,2022-02,15,82
12900,2020-01,0,0
12900,2020-02,0,0
12900,2020-03,0,0
12900,2020-04,0,0
12900,2020-05,0,0
12900,2020-06,0,0
12900,2020-07,0,0
12900,2020-08,0,0
12900,2020-09,0,0
12900,2020-10,0,0
12900,2020-11,0,0
12900,2020-12,0,0
12900,2021-01,0,0
12900,2021-02,0,0
12900,2021-03,0,0
12900,2021-04,0,0
12900,2021-05,0,0
12900,2021-06,0,0
12900,2021-07,0,0
12900,2021-08,3,3
12900,2021-09,1,4
12900,2021-10,0,4
12900,2021-11,0,4
12900,2021-12,18,22
12900,2022-01,403,425
12900,2022-02,65,490
10950,2020-01,0,0
10950,2020-02,0,0
10950,2020-03,0,0
10950,2020-04,0,0
10950,2020-05,0,0
10950,2020-06,0,0
10950,2020-07,0,0
10950,2020-08,0,0
10950,2020-09,0,0
10950,2020-10,0,0
10950,2020-11,0,0
10950,2020-12,0,0
10950,2021-01,0,0
10950,2021-02,0,0
10950,2021-03,0,0
10950,2021-04,0,0
10950,2021-05,0,0
10950,2021-06,0,0
10950,2021-07,0,0
10950,2021-08,1,1
10950,2021-09,0,1
10950,2021-10,0,1
10950,2021-11,0,1
10950,2021-12,11,12
10950,2022-01,107,119
10950,2022-02,10,129
18200,2020-01,0,0
18200,2020-02,0,0
18200,2020-03,0,0
18200,2020-04,0,0
18200,2020-05,0,0
18200,2020-06,0,0
18200,2020-07,0,0
18200,2020-08,0,0
18200,2020-09,0,0
18200,2020-10,0,0
18200,2020-11,0,0
18200,2020-12,0,0
18200,2021-01,0,0
18200,2021-02,0,0
18200,2021-03,0,0
18200,2021-04,0,0
18200,2021-05,0,0
18200,2021-06,0,0
18200,2021-07,0,0
18200,2021-08,0,0
18200,2021-09,1,1
18200,2021-10,38,39
18200,2021-11,3,42
18200,2021-12,17,59
18200,2022-01,249,308
18200,2022-02,81,389
10300,2020-01,0,0
10300,2020-02,0,0
10300,2020-03,0,0
10300,2020-04,0,0
10300,2020-05,0,0
10300,2020-06,0,0
10300,2020-07,0,0
10300,2020-08,0,0
10300,2020-09,0,0
10300,2020-10,0,0
10300,2020-11,0,0
10300,2020-12,0,0
10300,2021-01,0,0
10300,2021-02,0,0
10300,2021-03,0,0
10300,2021-04,0,0
10300,2021-05,0,0
10300,2021-06,0,0
10300,2021-07,0,0
10300,2021-08,0,0
10300,2021-09,1,1
10300,2021-10,2,3
10300,2021-11,0,3
10300,2021-12,19,22
10300,2022-01,106,128
10300,2022-02,27,155
12350,2020-01,0,0
12350,2020-02,0,0
12350,2020-03,0,0
12350,2020-04,0,0
12350,2020-05,0,0
12350,2020-06,0,0
12350,2020-07,0,0
12350,2020-08,0,0
12350,2020-09,0,0
12350,2020-10,0,0
12350,2020-11,0,0
12350,2020-12,0,0
12350,2021-01,0,0
12350,2021-02,0,0
12350,2021-03,0,0
12350,2021-04,0,0
12350,2021-05,0,0
12350,2021-06,0,0
12350,2021-07,0,0
12350,2021-08,0,0
12350,2021-09,45,45
12350,2021-10,22,67
12350,2021-11,8,75
12350,2021-12,15,90
12350,2022-01,371,461
12350,2022-02,91,552
15520,2020-01,0,0
15520,2020-02,0,0
15520,2020-03,0,0
15520,2020-04,0,0
15520,2020-05,0,0
15520,2020-06,0,0
15520,2020-07,0,0
15520,2020-08,0,0
15520,2020-09,0,0
15520,2020-10,0,0
15520,2020-11,0,0
15520,2020-12,0,0
15520,2021-01,0,0
15520,2021-02,0,0
15520,2021-03,0,0
15520,2021-04,0,0
15520,2021-05,0,0
15520,2021-06,0,0
15520,2021-07,0,0
15520,2021-08,0,0
15520,2021-09,2,2
15520,2021-10,25,27
15520,2021-11,22,49
15520,2021-12,14,63
15520,2022-01,482,545
15520,2022-02,68,613
17850,2020-01,0,0
17850,2020-02,0,0
17850,2020-03,0,0
17850,2020-04,0,0
17850,2020-05,0,0
17850,2020-06,0,0
17850,2020-07,0,0
17850,2020-08,0,0
17850,2020-09,0,0
17850,2020-10,0,0
17850,2020-11,0,0
17850,2020-12,0,0
17850,2021-01,0,0
17850,2021-02,0,0
17850,2021-03,0,0
17850,2021-04,0,0
17850,2021-05,0,0
17850,2021-06,0,0
17850,2021-07,0,0
17850,2021-08,0,0
17850,2021-09,1,1
17850,2021-10,0,1
17850,2021-11,0,1
17850,2021-12,26,27
17850,2022-01,66,93
17850,2022-02,8,101
16100,2020-01,0,0
16100,2020-02,0,0
16100,2020-03,0,0
16100,2020-04,0,0
16100,2020-05,0,0
16100,2020-06,0,0
16100,2020-07,0,0
16100,2020-08,0,0
16100,2020-09,0,0
16100,2020-10,0,0
16100,2020-11,0,0
16100,2020-12,0,0
16100,2021-01,0,0
16100,2021-02,0,0
16100,2021-03,0,0
16100,2021-04,0,0
16100,2021-05,0,0
16100,2021-06,0,0
16100,2021-07,0,0
16100,2021-08,0,0
16100,2021-09,17,17
16100,2021-10,17,34
16100,2021-11,1,35
16100,2021-12,19,54
16100,2022-01,181,235
16100,2022-02,23,258
14550,2020-01,0,0
14550,2020-02,0,0
14550,2020-03,0,0
14550,2020-04,0,0
14550,2020-05,0,0
14550,2020-06,0,0
14550,2020-07,0,0
14550,2020-08,0,0
14550,2020-09,0,0
14550,2020-10,0,0
14550,2020-11,0,0
14550,2020-12,0,0
14550,2021-01,0,0
14550,2021-02,0,0
14550,2021-03,0,0
14550,2021-04,0,0
14550,2021-05,0,0
14550,2021-06,0,0
14550,2021-07,0,0
14550,2021-08,0,0
14550,2021-09,6,6
14550,2021-10,10,16
14550,2021-11,7,23
14550,2021-12,18,41
14550,2022-01,253,294
14550,2022-02,63,357
12730,2020-01,0,0
12730,2020-02,0,0
12730,2020-03,0,0
12730,2020-04,0,0
12730,2020-05,0,0
12730,2020-06,0,0
12730,2020-07,0,0
12730,2020-08,0,0
12730,2020-09,0,0
12730,2020-10,0,0
12730,2020-11,0,0
12730,2020-12,0,0
12730,2021-01,0,0
12730,2021-02,0,0
12730,2021-03,0,0
12730,2021-04,0,0
12730,2021-05,0,0
12730,2021-06,0,0
12730,2021-07,0,0
12730,2021-08,0,0
12730,2021-09,0,0
12730,2021-10,17,17
12730,2021-11,2,19
12730,2021-12,13,32
12730,2022-01,258,290
12730,2022-02,55,345
11750,2020-01,0,0
11750,2020-02,0,0
11750,2020-03,0,0
11750,2020-04,0,0
11750,2020-05,0,0
11750,2020-06,0,0
11750,2020-07,0,0
11750,2020-08,0,0
11750,2020-09,0,0
11750,2020-10,0,0
11750,2020-11,0,0
11750,2020-12,0,0
11750,2021-01,0,0
11750,2021-02,0,0
11750,2021-03,0,0
11750,2021-04,0,0
11750,2021-05,0,0
11750,2021-06,0,0
11750,2021-07,0,0
11750,2021-08,0,0
11750,2021-09,0,0
11750,2021-10,1,1
11750,2021-11,1,2
11750,2021-12,19,21
11750,2022-01,166,187
11750,2022-02,47,234
14950,2020-01,0,0
14950,2020-02,0,0
14950,2020-03,0,0
14950,2020-04,0,0
14950,2020-05,0,0
14950,2020-06,0,0
14950,2020-07,0,0
14950,2020-08,0,0
14950,2020-09,0,0
14950,2020-10,0,0
14950,2020-11,0,0
14950,2020-12,0,0
14950,2021-01,0,0
14950,2021-02,0,0
14950,2021-03,0,0
14950,2021-04,0,0
14950,2021-05,0,0
14950,2021-06,0,0
14950,2021-07,0,0
14950,2021-08,0,0
14950,2021-09,0,0
14950,2021-10,0,0
14950,2021-11,1,1
14950,2021-12,13,14
14950,2022-01,97,111
14950,2022-02,29,140
14600,2020-01,0,0
14600,2020-02,0,0
14600,2020-03,0,0
14600,2020-04,0,0
14600,2020-05,0,0
14600,2020-06,0,0
14600,2020-07,0,0
14600,2020-08,0,0
14600,2020-09,0,0
14600,2020-10,0,0
14600,2020-11,0,0
14600,2020-12,0,0
14600,2021-01,0,0
14600,2021-02,0,0
14600,2021-03,0,0
14600,2021-04,0,0
14600,2021-05,0,0
14600,2021-06,0,0
14600,2021-07,0,0
14600,2021-08,0,0
14600,2021-09,0,0
14600,2021-10,0,0
14600,2021-11,2,2
14600,2021-12,11,13
14600,2022-01,250,263
14600,2022-02,66,329
15750,2020-01,0,0
15750,2020-02,0,0
15750,2020-03,0,0
15750,2020-04,0,0
15750,2020-05,0,0
15750,2020-06,0,0
15750,2020-07,0,0
15750,2020-08,0,0
15750,2020-09,0,0
15750,2020-10,0,0
15750,2020-11,0,0
15750,2020-12,0,0
15750,2021-01,0,0
15750,2021-02,0,0
15750,2021-03,0,0
15750,2021-04,0,0
15750,2021-05,0,0
15750,2021-06,0,0
15750,2021-07,0,0
15750,2021-08,0,0
15750,2021-09,0,0
15750,2021-10,0,0
15750,2021-11,1,1
15750,2021-12,116,117
15750,2022-01,643,760
15750,2022-02,84,844
HotelQ,2020-01,0,0
HotelQ,2020-02,0,0
HotelQ,2020-03,0,0
HotelQ,2020-04,0,0
HotelQ,2020-05,0,0
HotelQ,2020-06,0,0
HotelQ,2020-07,0,0
HotelQ,2020-08,0,0
HotelQ,2020-09,0,0
HotelQ,2020-10,0,0
HotelQ,2020-11,0,0
HotelQ,2020-12,0,0
HotelQ,2021-01,0,0
HotelQ,2021-02,0,0
HotelQ,2021-03,0,0
HotelQ,2021-04,0,0
HotelQ,2021-05,0,0
HotelQ,2021-06,0,0
HotelQ,2021-07,0,0
HotelQ,2021-08,0,0
HotelQ,2021-09,0,0
HotelQ,2021-10,0,0
HotelQ,2021-11,4,4
HotelQ,2021-12,2,6
HotelQ,2022-01,8,14
HotelQ,2022-02,12,26
13660,2020-01,0,0
13660,2020-02,0,0
13660,2020-03,0,0
13660,2020-04,0,0
13660,2020-05,0,0
13660,2020-06,0,0
13660,2020-07,0,0
13660,2020-08,0,0
13660,2020-09,0,0
13660,2020-10,0,0
13660,2020-11,0,0
13660,2020-12,0,0
13660,2021-01,0,0
13660,2021-02,0,0
13660,2021-03,0,0
13660,2021-04,0,0
13660,2021-05,0,0
13660,2021-06,0,0
13660,2021-07,0,0
13660,2021-08,0,0
13660,2021-09,0,0
13660,2021-10,0,0
13660,2021-11,1,1
13660,2021-12,14,15
13660,2022-01,92,107
13660,2022-02,13,120
14750,2020-01,0,0
14750,2020-02,0,0
14750,2020-03,0,0
14750,2020-04,0,0
14750,2020-05,0,0
14750,2020-06,0,0
14750,2020-07,0,0
14750,2020-08,0,0
14750,2020-09,0,0
14750,2020-10,0,0
14750,2020-11,0,0
14750,2020-12,0,0
14750,2021-01,0,0
14750,2021-02,0,0
14750,2021-03,0,0
14750,2021-04,0,0
14750,2021-05,0,0
14750,2021-06,0,0
14750,2021-07,0,0
14750,2021-08,0,0
14750,2021-09,0,0
14750,2021-10,0,0
14750,2021-11,0,0
14750,2021-12,15,15
14750,2022-01,468,483
14750,2022-02,136,619
12000,2020-01,0,0
12000,2020-02,0,0
12000,2020-03,0,0
12000,2020-04,0,0
12000,2020-05,0,0
12000,2020-06,0,0
12000,2020-07,0,0
12000,2020-08,0,0
12000,2020-09,0,0
12000,2020-10,0,0
12000,2020-11,0,0
12000,2020-12,0,0
12000,2021-01,0,0
12000,2021-02,0,0
12000,2021-03,0,0
12000,2021-04,0,0
12000,2021-05,0,0
12000,2021-06,0,0
12000,2021-07,0,0
12000,2021-08,0,0
12000,2021-09,0,0
12000,2021-10,0,0
12000,2021-11,0,0
12000,2021-12,8,8
12000,2022-01,215,223
12000,2022-02,42,265
10800,2020-01,0,0
10800,2020-02,0,0
10800,2020-03,0,0
10800,2020-04,0,0
10800,2020-05,0,0
10800,2020-06,0,0
10800,2020-07,0,0
10800,2020-08,0,0
10800,2020-09,0,0
10800,2020-10,0,0
10800,2020-11,0,0
10800,2020-12,0,0
10800,2021-01,0,0
10800,2021-02,0,0
10800,2021-03,0,0
10800,2021-04,0,0
10800,2021-05,0,0
10800,2021-06,0,0
10800,2021-07,0,0
10800,2021-08,0,0
10800,2021-09,0,0
10800,2021-10,0,0
10800,2021-11,0,0
10800,2021-12,3,3
10800,2022-01,202,205
10800,2022-02,59,264
11600,2020-01,0,0
11600,2020-02,0,0
11600,2020-03,0,0
11600,2020-04,0,0
11600,2020-05,0,0
11600,2020-06,0,0
11600,2020-07,0,0
11600,2020-08,0,0
11600,2020-09,0,0
11600,2020-10,0,0
11600,2020-11,0,0
11600,2020-12,0,0
11600,2021-01,0,0
11600,2021-02,0,0
11600,2021-03,0,0
11600,2021-04,0,0
11600,2021-05,0,0
11600,2021-06,0,0
11600,2021-07,0,0
11600,2021-08,0,0
11600,2021-09,0,0
11600,2021-10,0,0
11600,2021-11,0,0
11600,2021-12,13,13
11600,2022-01,74,87
11600,2022-02,5,92
